categoria,consequence,value
00:00-02:59,fallecidos,18
00:00-02:59,graves,60
00:00-02:59,leves,6
03:00-05:59,fallecidos,12
03:00-05:59,graves,0
03:00-05:59,leves,0
06:00-08:59,fallecidos,24
06:00-08:59,graves,12
06:00-08:59,leves,18
09:00-11:59,fallecidos,12
09:00-11:59,graves,36
09:00-11:59,leves,6
12:00-14:59,fallecidos,18
12:00-14:59,graves,6
12:00-14:59,leves,30
15:00-17:59,fallecidos,18
15:00-17:59,graves,24
15:00-17:59,leves,24
18:00-20:59,fallecidos,42
18:00-20:59,graves,18
18:00-20:59,leves,12
21:00-23:59,fallecidos,30
21:00-23:59,graves,18
21:00-23:59,leves,30
